<?xml version="1.0" encoding="UTF-8"?>
<project-private xmlns="http://www.netbeans.org/ns/project-private/1">
    <editor-bookmarks xmlns="http://www.netbeans.org/ns/editor-bookmarks/2" lastBookmarkId="0"/>
    <open-files xmlns="http://www.netbeans.org/ns/projectui-open-files/2">
        <group>
            <file>file:/C:/Users/alnai/Desktop/java/Tutoriales/HereWeStart/src/herewestart/Class6.java</file>
            <file>file:/C:/Users/alnai/Desktop/java/Tutoriales/HereWeStart/src/herewestart/HereWeStart.java</file>
            <file>file:/C:/Users/alnai/Desktop/java/Tutoriales/HereWeStart/src/herewestart/Class4.java</file>
            <file>file:/C:/Users/alnai/Desktop/java/Tutoriales/HereWeStart/src/herewestart/Class1.java</file>
            <file>file:/C:/Users/alnai/Desktop/java/Tutoriales/HereWeStart/src/herewestart/Class5.java</file>
            <file>file:/C:/Users/alnai/Desktop/java/Tutoriales/HereWeStart/src/herewestart/WeDontUseThisClass.java</file>
            <file>file:/C:/Users/alnai/Desktop/java/Tutoriales/HereWeStart/src/herewestart/Class2.java</file>
            <file>file:/C:/Users/alnai/Desktop/java/Tutoriales/HereWeStart/src/herewestart/Class3.java</file>
            <file>file:/C:/Users/alnai/Desktop/java/Tutoriales/HereWeStart/src/herewestart/Class7.java</file>
        </group>
    </open-files>
</project-private>
