<?xml version="1.0" encoding="UTF-8"?>
<project-private xmlns="http://www.netbeans.org/ns/project-private/1">
    <editor-bookmarks xmlns="http://www.netbeans.org/ns/editor-bookmarks/2" lastBookmarkId="0"/>
    <open-files xmlns="http://www.netbeans.org/ns/projectui-open-files/2">
        <group>
            <file>file:/C:/Users/alnai/Desktop/java/Tutoriales/Ejercicio1/src/ejercicio1/IndexOutOfBoundsException.java</file>
            <file>file:/C:/Users/alnai/Desktop/java/Tutoriales/Ejercicio1/src/ejercicio1/ArrayStoreException.java</file>
            <file>file:/C:/Users/alnai/Desktop/java/Tutoriales/Ejercicio1/src/ejercicio1/ArithmeticException.java</file>
            <file>file:/C:/Users/alnai/Desktop/java/Tutoriales/Ejercicio1/src/ejercicio1/NullPointerException.java</file>
            <file>file:/C:/Users/alnai/Desktop/java/Tutoriales/Ejercicio1/src/ejercicio1/IOException.java</file>
            <file>file:/C:/Users/alnai/Desktop/java/Tutoriales/Ejercicio1/src/ejercicio1/Ejercicio1.java</file>
            <file>file:/C:/Users/alnai/Desktop/java/Tutoriales/Ejercicio1/src/ejercicio1/NegativeArraySizeException.java</file>
            <file>file:/C:/Users/alnai/Desktop/java/Tutoriales/Ejercicio1/src/ejercicio1/IllegalArgumentException.java</file>
            <file>file:/C:/Users/alnai/Desktop/java/Tutoriales/Ejercicio1/src/ejercicio1/StackOverflowError.java</file>
        </group>
    </open-files>
</project-private>
